{"cameraMode":{"drawMode":0,"name":"Shaded","section":"Shading Mode"},"sceneLighting":false,"audioPlay":false,"sceneViewState":{"m_AlwaysRefresh":false,"showFog":false,"showSkybox":false,"showFlares":false,"showImageEffects":false,"showParticleSystems":false,"showVisualEffectGraphs":true,"m_FxEnabled":true},"in2DMode":false,"pivot":{"x":-0.6444730162620544,"y":-0.27153998613357546,"z":-0.8845362663269043},"rotation":{"x":-0.06152615696191788,"y":-0.3111511766910553,"z":0.020192166790366174,"w":-0.9481538534164429},"size":0.28671446442604067,"orthographic":false}