{"cameraMode":{"drawMode":0,"name":"Shaded","section":"Shading Mode"},"sceneLighting":true,"audioPlay":false,"sceneViewState":{"m_AlwaysRefresh":false,"showFog":true,"showSkybox":true,"showFlares":true,"showImageEffects":true,"showParticleSystems":true,"showVisualEffectGraphs":true,"m_FxEnabled":true},"in2DMode":false,"pivot":{"x":-13.892704010009766,"y":-12.675727844238282,"z":0.8929881453514099},"rotation":{"x":0.27575820684432986,"y":-0.6367363929748535,"z":0.26174241304397585,"w":0.6708439588546753},"size":11.57875919342041,"orthographic":false}