{"cameraMode":{"drawMode":0,"name":"Shaded","section":"Shading Mode"},"sceneLighting":true,"audioPlay":false,"sceneViewState":{"m_AlwaysRefresh":false,"showFog":true,"showSkybox":true,"showFlares":true,"showImageEffects":true,"showParticleSystems":true,"showVisualEffectGraphs":true,"m_FxEnabled":true},"in2DMode":false,"pivot":{"x":-3.0321576595306398,"y":-7.572056293487549,"z":17.154748916625978},"rotation":{"x":-0.25290533900260928,"y":0.0768304169178009,"z":-0.020152689889073373,"w":-0.9642322659492493},"size":12.12435531616211,"orthographic":false}