{"cameraMode":{"drawMode":0,"name":"Shaded","section":"Shading Mode"},"sceneLighting":true,"audioPlay":false,"sceneViewState":{"m_AlwaysRefresh":false,"showFog":true,"showSkybox":true,"showFlares":true,"showImageEffects":true,"showParticleSystems":true,"showVisualEffectGraphs":true,"m_FxEnabled":true},"in2DMode":false,"pivot":{"x":2.5730838775634767,"y":2.9031364917755129,"z":1.0793123245239258},"rotation":{"x":-0.13004231452941895,"y":0.7792262434959412,"z":-0.17220447957515717,"w":-0.588430643081665},"size":1.2209076881408692,"orthographic":false}