{"cameraMode":{"drawMode":0,"name":"Shaded","section":"Shading Mode"},"sceneLighting":false,"audioPlay":false,"sceneViewState":{"m_AlwaysRefresh":false,"showFog":false,"showSkybox":false,"showFlares":false,"showImageEffects":false,"showParticleSystems":false,"showVisualEffectGraphs":true,"m_FxEnabled":true},"in2DMode":false,"pivot":{"x":0.057040270417928699,"y":-0.1531788557767868,"z":0.14439775049686433},"rotation":{"x":-0.010189044289290905,"y":-0.021634409204125406,"z":-0.00022276818344835192,"w":0.9997261166572571},"size":0.9330189824104309,"orthographic":true}